{"0": {"ID": 1, "Cost": 0, "Doubler": 300, "brawler": 0, "skin4ik": 0, "Type": 0, "Title": "\u041f\u043e\u0434\u0430\u0440\u043e\u0447\u0435\u043a!", "Display": 0, "%": 50, "WhoBuyed": []}, "1": {"ID": 16, "Cost": 0, "Doubler": 30, "brawler": 0, "skin4ik": 0, "Title": "\u0412\u0441\u0435\u0445 \u0441 \u043f\u0440\u0430\u0437\u0434\u043d\u0438\u043a\u043e\u043c!", "Type": 0, "Display": 0, "%": 25, "WhoBuyed": []}, "3": {"ID": 4, "Cost": 49, "Doubler": 1, "brawler": 0, "skin4ik": 88, "Title": "Skin4ik", "Type": 2, "Display": 0, "%": 5, "WhoBuyed": ""}}