Name,Disabled,TID,,,
string,boolean,string,,,
Wanted1,,TID_WANTED_1,,,
Wanted3,,TID_WANTED_3,,,
Wanted4,,TID_WANTED_4,,,
Wanted5,,TID_WANTED_5,,,
Wanted6,,TID_WANTED_6,,,
Wanted7,,TID_WANTED_7,,,
Wanted2,,TID_WANTED_2,,,
Gemgrab1,,TID_GOLDRUSH_1,,,
Gemgrab2,,TID_GOLDRUSH_2,,,
Gemgrab3,,TID_WANTED_4,,,
Gemgrab4,,TID_GOLDRUSH_4,,,
Gemgrab5,,TID_GOLDRUSH_5,,,
Gemgrab6,,TID_GOLDRUSH_6,,,
Survival1,,TID_BATTLE_ROYALE_1 ,,,
Survival2,,TID_BATTLE_ROYALE_2,,,
Survival3,,TID_BATTLE_ROYALE_3,,,
Survival4,,TID_BATTLE_ROYALE_4,,,
Heist1,,TID_BANKHEIST_1,,,
Heist2,,TID_BANKHEIST_2,,,
Heist3,,TID_BANKHEIST_3,,,
Wanted8,,TID_WANTED_8,,,
Heist4,,TID_BANKHEIST_4,,,
Ball1,,TID_BALL_1,,,
Ball2,,TID_BALL_2,,,
Ball3,,TID_BALL_3,,,
SurvivalTeam7,,TID_BATTLE_ROYALE_7,,,
Gemgrab8,,TID_GOLDRUSH_8,,,
Survival5,,TID_BATTLE_ROYALE_5,,,
Survival6,,TID_BATTLE_ROYALE_6,,,
SurvivalTeam1,,TID_BATTLE_ROYALE_1,,,
SurvivalTeam2,,TID_BATTLE_ROYALE_2,,,
SurvivalTeam3,,TID_BATTLE_ROYALE_3,,,
SurvivalTeam4,,TID_BATTLE_ROYALE_4,,,
SurvivalTeam5,,TID_BATTLE_ROYALE_5,,,
Gemgrab7,,TID_GOLDRUSH_7,,,
Gemgrab10,,TID_GOLDRUSH_10,,,
Heist5,,TID_BANKHEIST_5,,,
Survival7,,TID_BATTLE_ROYALE_7,,,
SurvivalTeam6,,TID_BATTLE_ROYALE_6,,,
Survival8,,TID_BATTLE_ROYALE_8,,,
SurvivalTeam8,,TID_BATTLE_ROYALE_8,,,
Heist6,,TID_BANKHEIST_6,,,
Gemgrab11,,TID_GOLDRUSH_11,,,
Heist7,,TID_BANKHEIST_7,,,
Ball4,,TID_BALL_4,,,
Ball6,,TID_BALL_6,,,
Ball7,,TID_BALL_7,,,
Heist8,,TID_BANKHEIST_18,,,
Wanted9,,TID_WANTED_9,,,
Survival12,,TID_BATTLE_ROYALE_12,,,
SurvivalTeam12,,TID_BATTLE_ROYALE_12,,,
Heist9,,TID_BANKHEIST_9,,,
Heist10,,TID_BANKHEIST_10,,,
Heist11,,TID_BANKHEIST_11,,,
Heist12,,TID_BANKHEIST_12,,,
Heist13,,TID_BANKHEIST_13,,,
Wanted10,,TID_WANTED_9,,,
Wanted11,,TID_WANTED_11,,,
Wanted12,,TID_WANTED_12,,,
Wanted13,,TID_WANTED_13,,,
Wanted14,,TID_WANTED_14,,,
Survival10,,TID_BATTLE_ROYALE_10,,,
SurvivalTeam10,,TID_BATTLE_ROYALE_10,,,
Survival13,,TID_BATTLE_ROYALE_D2,,,
SurvivalTeam13,,TID_BATTLE_ROYALE_D2,,,
Siege1,,TID_ROBO_WARS_6,,,
Siege2,,TID_ROBO_WARS_8,,,
Siege3,,TID_ROBO_WARS_7,,,
CRoyale,,TID_BANKHEIST_14,,,
Survival14,,TID_BATTLE_ROYALE_17,,,
SurvivalTeam14,,TID_BATTLE_ROYALE_17,,,
Survival15,,TID_BATTLE_ROYALE_13,,,
SurvivalTeam15,,TID_BATTLE_ROYALE_13,,,
Survival16,,TID_BATTLE_ROYALE_19,,,
SurvivalTeam16,,TID_BATTLE_ROYALE_19,,,
Survival17,,TID_BATTLE_ROYALE_23,,,
SurvivalTeam17,,TID_BATTLE_ROYALE_23,,,
Survival18,,TID_BATTLE_ROYALE_21,,,
SurvivalTeam18,,TID_BATTLE_ROYALE_21,,,
Gemgrab12,,TID_GOLDRUSH_12,,,
Gemgrab13,,TID_GOLDRUSH_13,,,
Gemgrab14,,TID_GOLDRUSH_23,,,
Gemgrab15,,TID_GOLDRUSH_17,,,
Gemgrab16,,TID_GOLDRUSH_25,,,
Gemgrab17,,TID_GOLDRUSH_24,,,
Gemgrab18,,TID_GOLDRUSH_19,,,
Ball9,,TID_BALL_15,,,
Biggame1,,TID_BOSS_4,,,
Biggame2,,TID_BOSS_3,,,
Training,,,,,
Gemgrab19,,TID_GOLDRUSH_31,,,
Survival19,,TID_BATTLE_ROYALE_28,,,
SurvivalTeam19,,TID_BATTLE_ROYALE_28,,,
Survival20,,TID_BATTLE_ROYALE_31,,,
SurvivalTeam20,,TID_BATTLE_ROYALE_31,,,
Siege4,,TID_ROBO_WARS_13,,,
Siege5,,TID_ROBO_WARS_11,,,
Siege6,,TID_ROBO_WARS_10,,,
Siege7,,TID_ROBO_WARS_4,,,
Siege8,,TID_ROBO_WARS_12,,,
Ball10,,TID_BALL_17,,,
Raid4,,TID_ROBO_WARS_14,,,
Ball11,,TID_BALL_21,,,
Survival21,,TID_BATTLE_ROYALE_16,,,
SurvivalTeam21,,TID_BATTLE_ROYALE_16,,,
Heist14,,TID_BANKHEIST_14B,,,
Heist15,,TID_BANKHEIST_15,,,
Gemgrab20,,TID_GOLDRUSH_21,,,
Gemgrab21,,TID_GOLDRUSH_21C,,,
Siege9,,TID_ROBO_WARS_2,,,
Siege10,,TID_ROBO_WARS_3,,,
Ball12,,TID_BALL_22,,,
Ball13,,TID_BALL_23,,,
Heist16,,TID_BANKHEIST_16,,,
Heist17,,TID_BANKHEIST_17,,,
Gemgrab22,,TID_GOLDRUSH_22,,,
Gemgrab23,,TID_GOLDRUSH_33,,,
Wanted15,,TID_WANTED_16,,,
Wanted16,,TID_WANTED_17,,,
Heist18,,TID_BANKHEIST_18B,,,
Survival22,,TID_BATTLE_ROYALE_22A,,,
SurvivalTeam22,,TID_BATTLE_ROYALE_22A,,,
Survival23,,TID_BATTLE_ROYALE_23A,,,
SurvivalTeam23,,TID_BATTLE_ROYALE_23A,,,
Survival24,,TID_BATTLE_ROYALE_24A,,,
SurvivalTeam24,,TID_BATTLE_ROYALE_24A,,,
Gemgrab24,,TID_GOLDRUSH_24A,,,
Wanted17,,TID_WANTED_17A,,,
Ball14,,TID_BALL_14A,,,
Ball15,,TID_BALL_15A,,,
Ball16,,TID_BALL_16A,,,
Ball17,,TID_BALL_17A,,,
Ball18,,TID_BALL_18A,,,
Survival25,,TID_BATTLE_ROYALE_30A,,,
SurvivalTeam25,,TID_BATTLE_ROYALE_30A,,,
BossRace1,,TID_BOSS_RACE_1,,,
BossRace2,,TID_BOSS_RACE_2,,,
BossRace3,,TID_BOSS_RACE_3,,,
BossRace4,,TID_BOSS_RACE_4,,,
BossRace5,,TID_BOSS_RACE_5,,,
BossRace6,,TID_BOSS_RACE_6,,,
BossRace7,,TID_BOSS_RACE_7,,,
SoloBounty1,,TID_LONESTAR_02,,,
SoloBounty2,,TID_LONESTAR_03,,,
SoloBounty3,,TID_LONESTAR_04,,,
SoloBounty4,,TID_LONESTAR_05,,,
SoloBounty5,,TID_LONESTAR_06,,,
SoloBounty6,,TID_LONESTAR_07,,,
SoloBounty7,,TID_LONESTAR_08,,,
Gemgrab25,,TID_GOLDRUSH_35,,,
Gemgrab26,,TID_GOLDRUSH_37,,,
Gemgrab27,,TID_GOLDRUSH_38,,,
Gemgrab28,,TID_GOLDRUSH_43,,,
Gemgrab29,,TID_GOLDRUSH_44,,,
Gemgrab30,,TID_GOLDRUSH_45,,,
Gemgrab31,,TID_GOLDRUSH_36,,,
Heist19,,TID_BANKHEIST_23,,,
Heist20,,TID_BANKHEIST_20,,,
Wanted18,,TID_WANTED_23,,,
Wanted19,,TID_WANTED_20,,,
Survival26,,TID_BATTLE_ROYALE_41,,,
SurvivalTeam26,,TID_BATTLE_ROYALE_41,,,
Survival27,,TID_BATTLE_ROYALE_35,,,
SurvivalTeam27,,TID_BATTLE_ROYALE_35,,,
Survival28,,TID_BATTLE_ROYALE_40,,,
SurvivalTeam28,,TID_BATTLE_ROYALE_40,,,
Survival29,,TID_BATTLE_ROYALE_43,,,
SurvivalTeam29,,TID_BATTLE_ROYALE_43,,,
Survival30,,TID_BATTLE_ROYALE_34,,,
SurvivalTeam30,,TID_BATTLE_ROYALE_34,,,
Survival31,,TID_BATTLE_ROYALE_37,,,
SurvivalTeam31,,TID_BATTLE_ROYALE_37,,,
Survival32,,TID_BATTLE_ROYALE_38,,,
SurvivalTeam32,,TID_BATTLE_ROYALE_38,,,
Survival33,,TID_GOLDRUSH_46,,,
SurvivalTeam33,,TID_GOLDRUSH_46,,,
Ball19,,TID_BALL_8,,,
Ball20,,TID_BALL_9,,,
Ball21,,TID_BALL_10,,,
Ball22,,TID_BALL_11,,,
Ball23,,TID_BALL_12,,,
Ball24,,TID_BALL_13,,,
Ball25,,TID_BALL_16,,,
KingOfHill1,,TID_KING_OF_HILL_9,,,
KingOfHill2,,TID_KING_OF_HILL_11,,,
KingOfHill3,,TID_KING_OF_HILL_3,,,
KingOfHill4,,TID_KING_OF_HILL_4,,,
KingOfHill5,,TID_KING_OF_HILL_5,,,
KingOfHill6,,TID_KING_OF_HILL_6,,,
KingOfHill7,,TID_KING_OF_HILL_7,,,
Ball26,,TID_BALL_30,,,
Ball27,,TID_BALL_31,,,
Ball28,,TID_BALL_32,,,
Ball29,,TID_BALL_33,,,
Ball30,,TID_BALL_34,,,
Survival34,,TID_BATTLE_ROYALE_44,,,
SurvivalTeam34,,TID_BATTLE_ROYALE_44,,,
Ball6_PSG,true,TID_BALL_6,,,
Ball9_PSG,true,TID_BALL_15,,,
Ball26_PSG,true,TID_BALL_30,,,
Siege15,,TID_ROBO_WARS_15,,,
Siege16,,TID_ROBO_WARS_16,,,
Siege17,,TID_ROBO_WARS_17,,,
Wanted27,,TID_WANTED_27,,,
Wanted28,,TID_WANTED_28,,,
Heist27,,TID_BANKHEIST_27,,,
Heist28,,TID_BANKHEIST_28,,,
Raid_TownCrush1,true,TID_RAID_TOWN_CRUSH_1,,,
Survival45,,TID_BATTLE_ROYALE_45,,,
SurvivalTeam45,,TID_BATTLE_ROYALE_45,,,
Survival47,,TID_BATTLE_ROYALE_47,,,
SurvivalTeam47,,TID_BATTLE_ROYALE_47,,,
Survival49,,TID_BATTLE_ROYALE_49,,,
SurvivalTeam49,,TID_BATTLE_ROYALE_49,,,
Survival50,,TID_BATTLE_ROYALE_50,,,
SurvivalTeam50,,TID_BATTLE_ROYALE_50,,,
Survival51,,TID_BATTLE_ROYALE_51,,,
SurvivalTeam51,,TID_BATTLE_ROYALE_51,,,
Survival52,,TID_BATTLE_ROYALE_52,,,
SurvivalTeam52,,TID_BATTLE_ROYALE_52,,,
Survival53,,TID_BATTLE_ROYALE_53,,,
SurvivalTeam53,,TID_BATTLE_ROYALE_53,,,
Survival54,,TID_GOLDRUSH_46,,,
SurvivalTeam54,,TID_GOLDRUSH_46,,,
Survival48,,TID_BATTLE_ROYALE_46,,,
SurvivalTeam48,,TID_BATTLE_ROYALE_46,,,
KingOfHill8,,TID_GOLDRUSH_54,,,
KingOfHill9,,TID_GOLDRUSH_55,,,
KingOfHill10,,TID_KING_OF_HILL_28,,,
KingOfHill11,,TID_KING_OF_HILL_18,,,
KingOfHill12,,TID_KING_OF_HILL_22,,,
KingOfHill13,,TID_KING_OF_HILL_23,,,
KingOfHill14,,TID_KING_OF_HILL_20,,,
Wanted29,,TID_GOLDRUSH_63,,,